{"nodes":{"node:1":{"location":{"x":-863,"y":-333}},"node:10":{"location":{"x":-216,"y":-386}},"node:11":{"location":{"x":456,"y":-445}},"node:12":{"location":{"x":520,"y":-189}},"node:2":{"location":{"x":-951,"y":-34}},"node:3":{"location":{"x":-978,"y":-141}},"node:4":{"location":{"x":-726,"y":-333}},"node:5":{"location":{"x":-521,"y":-333}},"node:6":{"location":{"x":-712,"y":-93}},"node:8":{"location":{"x":184,"y":-322}},"node:9":{"location":{"x":-280,"y":-175}}},"selection":null,"view":{"scroll":{"x":-1.68943905830383301,"y":-2.37265729904174805},"visible_rect":{"max":{"x":1611.03857421875,"y":1134.6646728515625},"min":{"x":-1177.96142578125,"y":-1654.3353271484375}},"zoom":0.00143420579843223095}}