{"nodes":{"node:1":{"location":{"x":417,"y":131}},"node:2":{"location":{"x":650,"y":115}}},"selection":null,"view":{"scroll":{"x":0.00564560294151306152,"y":-1.23262894153594971},"visible_rect":{"max":{"x":2560.3896484375,"y":1768.8905029296875},"min":{"x":3.608642578125,"y":-787.89056396484375}},"zoom":0.00156446720939129591}}