{"nodes":{"node:20":{"location":{"x":-66,"y":55}},"node:21":{"location":{"x":185,"y":35}}},"selection":null,"view":{"scroll":{"x":-657.647216796875,"y":-300.09613037109375},"visible_rect":{"max":{"x":939.1763916015625,"y":311.451934814453125},"min":{"x":-328.8236083984375,"y":-150.048065185546875}},"zoom":2}}